experiment,robot_x,robot_y,robot_z,gt1_x,gt1_y,gt1_z,track1_x,track1_y,track1_z,track1_id,track1_conf,gt2_x,gt2_y,gt2_z,track2_x,track2_y,track2_z,track2_id,track2_conf,unmatched_trks,n_dets,n_trks,delta_t
mocap_robot_moving_3,-2.543154845740106,2.1252318637231618,0.35265624526998063,0.012025209438647079,3.190404303458998,1.0278405131644437,,,,,,-1.3912170491111462,-0.792449391481066,0.9318412016340439,,,,,,0,0,0,753116
mocap_robot_moving_3,-2.543154845740106,2.1252318637231618,0.35265624526998063,0.012025209438647079,3.190404303458998,1.0278405131644437,,,,,,-1.3912170491111462,-0.792449391481066,0.9318412016340439,,,,,,0,0,0,763795
mocap_robot_moving_3,-2.543154845740106,2.1252318637231618,0.35265624526998063,0.012025209438647079,3.190404303458998,1.0278405131644437,,,,,,-1.3912170491111462,-0.792449391481066,0.9318412016340439,,,,,,0,0,0,498918
mocap_robot_moving_3,-2.543154845740106,2.1252318637231618,0.35265624526998063,0.012025209438647079,3.190404303458998,1.0278405131644437,,,,,,-1.3912170491111462,-0.792449391481066,0.9318412016340439,,,,,,0,0,0,394005
mocap_robot_moving_3,-2.543154845740106,2.1252318637231618,0.35265624526998063,0.012025209438647079,3.190404303458998,1.0278405131644437,,,,,,-1.3912170491111462,-0.792449391481066,0.9318412016340439,,,,,,0,0,0,426895
mocap_robot_moving_3,-2.543154845740106,2.1252318637231618,0.35265624526998063,0.012025209438647079,3.190404303458998,1.0278405131644437,,,,,,-1.3912170491111462,-0.792449391481066,0.9318412016340439,,,,,,0,0,0,390789
mocap_robot_moving_3,-2.543154845740106,2.1252318637231618,0.35265624526998063,0.012025209438647079,3.190404303458998,1.0278405131644437,,,,,,-1.3912170491111462,-0.792449391481066,0.9318412016340439,,,,,,0,0,0,332942
mocap_robot_moving_3,-2.543154845740106,2.1252318637231618,0.35265624526998063,0.012025209438647079,3.190404303458998,1.0278405131644437,,,,,,-1.3912170491111462,-0.792449391481066,0.9318412016340439,,,,,,0,0,0,310181
mocap_robot_moving_3,-2.543154845740106,2.1252318637231618,0.35265624526998063,0.012025209438647079,3.190404303458998,1.0278405131644437,,,,,,-1.3912170491111462,-0.792449391481066,0.9318412016340439,,,,,,0,0,0,525697
mocap_robot_moving_3,-2.518685545379202,2.107000307548757,0.35306452362453117,-0.018012422831767815,3.176348884889384,1.0170700462701299,,,,,,-1.2497297990190679,-0.7782929666956935,0.9217757426351006,,,,,,0,0,0,727469
mocap_robot_moving_3,-2.518685545379202,2.107000307548757,0.35306452362453117,-0.018012422831767815,3.176348884889384,1.0170700462701299,,,,,,-1.2497297990190679,-0.7782929666956935,0.9217757426351006,,,,,,0,20,8,2190871
mocap_robot_moving_3,-2.518685545379202,2.107000307548757,0.35306452362453117,-0.018012422831767815,3.176348884889384,1.0170700462701299,,,,,,-1.2497297990190679,-0.7782929666956935,0.9217757426351006,,,,,,0,18,8,1249209
mocap_robot_moving_3,-2.5108483288356727,2.1011116430741374,0.35281370289842395,-0.027253039978482673,3.1666523256847396,1.0192173352602176,,,,,,-1.2159933290804292,-0.7544311368597715,0.9120545793492255,,,,,,0,0,8,1165525
mocap_robot_moving_3,-2.4978992831885463,2.0920447799428663,0.35289751434384836,-0.043267808171832955,3.132936042070905,1.0144456045448913,,,,,,-1.1475585627332998,-0.6941511287699309,0.9032864328545526,,,,,,0,0,8,1531981
mocap_robot_moving_3,-2.4960551795683115,2.0908752845646656,0.35265995788648535,-0.04563554442385882,3.127777814481149,1.013599278988975,,,,,,-1.1380556374457362,-0.6834704604105228,0.9038190899913513,,,,,,1,24,11,2839388
mocap_robot_moving_3,-2.494429117818086,2.089518658848828,0.35301783680506893,-0.049339901424303625,3.1192585950488514,1.012803377615006,,,,,,-1.1231241311941433,-0.6669461558578821,0.9068617257425203,,,,,,0,0,8,1833337
mocap_robot_moving_3,-2.494429117818086,2.089518658848828,0.35301783680506893,-0.049339901424303625,3.1192585950488514,1.012803377615006,,,,,,-1.1231241311941433,-0.6669461558578821,0.9068617257425203,,,,,,0,0,8,830269
mocap_robot_moving_3,-2.494429117818086,2.089518658848828,0.35301783680506893,-0.049339901424303625,3.1192585950488514,1.012803377615006,,,,,,-1.1231241311941433,-0.6669461558578821,0.9068617257425203,,,,,,0,0,8,767834
mocap_robot_moving_3,-2.430795140823026,2.0423302198474937,0.3530276453124617,-0.13897637421829478,2.761451363697359,1.0071160590936667,-0.16897524823986762,3.3531696031573457,0.9068028649680787,10,0.7772722127934074,-0.7928317051834102,-0.4528409145202151,0.928053571765732,-0.9915732354769833,-0.468571882236206,1.011783227228328,4,0.8213062644719773,1,18,9,4209615
mocap_robot_moving_3,-2.426856460693415,2.039430716788026,0.3525295760761887,-0.15168834573064235,2.7264811341288455,1.0020494636627215,-0.2368793833366836,3.180162046646409,0.9052428437008154,10,0.9230943211956784,-0.7542588239842393,-0.44249842333212774,0.9285022032937201,-0.9077245097488408,-0.240536349125209,1.0225711368081893,4,0.9433609607448039,2,21,10,4413751
mocap_robot_moving_3,-2.4239879773090154,2.037350488051232,0.35254177451329516,-0.1591694791636582,2.707315566335576,0.9996004735215545,-0.19918412513834802,3.274541571994255,0.9017917440136676,10,0.8230943211956784,-0.722213458741021,-0.4393585115493496,0.934928908120579,-0.8267164931251321,-0.5105194254005161,0.9948670983640672,4,0.8433609607448039,0,0,9,1896404
mocap_robot_moving_3,-2.4064947523129017,2.026885547221788,0.35253955841701945,-0.2344261628301541,2.5639251194035935,0.9731480659290999,,,,,,-0.5953900577496977,-0.43988442537508426,0.9501145410682115,,,,,,0,0,9,1494254
mocap_robot_moving_3,-2.4064947523129017,2.026885547221788,0.35253955841701945,-0.2344261628301541,2.5639251194035935,0.9731480659290999,,,,,,-0.5953900577496977,-0.43988442537508426,0.9501145410682115,,,,,,0,0,8,614202
mocap_robot_moving_3,-2.4064947523129017,2.026885547221788,0.35253955841701945,-0.2344261628301541,2.5639251194035935,0.9731480659290999,,,,,,-0.5953900577496977,-0.43988442537508426,0.9501145410682115,,,,,,0,0,7,635652
mocap_robot_moving_3,-2.4064947523129017,2.026885547221788,0.35253955841701945,-0.2344261628301541,2.5639251194035935,0.9731480659290999,,,,,,-0.5953900577496977,-0.43988442537508426,0.9501145410682115,,,,,,0,0,6,631314
mocap_robot_moving_3,-2.4064947523129017,2.026885547221788,0.35253955841701945,-0.2344261628301541,2.5639251194035935,0.9731480659290999,,,,,,-0.5953900577496977,-0.43988442537508426,0.9501145410682115,,,,,,0,0,4,893187
mocap_robot_moving_3,-2.3136620993306254,1.9879285219963054,0.35325824281209817,-0.5585463438917521,1.931747752769195,0.9743915216306663,-0.32066550366366775,2.8540454458921203,0.9026291614562042,10,0.773196507483176,-0.1655144695414689,-0.3146276407420966,0.9171656383877826,-0.6357050576925104,-0.18827075364157503,1.0059165201788827,4,0.7901153543133635,0,19,7,2389275
mocap_robot_moving_3,-2.3136620993306254,1.9879285219963054,0.35325824281209817,-0.5643034031348251,1.9196686588369254,0.9764366929882726,,,,,,-0.1655144695414689,-0.3146276407420966,0.9171656383877826,,,,,,0,0,7,1396705
mocap_robot_moving_3,-2.3045958808384204,1.984334665049632,0.35303296893488034,-0.5955392221566363,1.8637058949002883,0.9921048511154279,-0.42438501540560186,2.4675761264877103,0.9080341678760646,10,0.8879881961274236,-0.12577176172838708,-0.27890739048762986,0.9250410148353579,-0.26379896528010477,-0.09683256984291608,1.0216084533297451,4,0.8998230293851681,1,20,10,4169308
mocap_robot_moving_3,-2.297438235698318,1.9808498618318509,0.3531029093310581,-0.6253016304678336,1.8157441530439125,1.0018698877317422,-0.35931945371169266,2.7063590810110014,0.9059346052488112,10,0.7879881961274237,-0.09317969527321215,-0.2535480195318473,0.9318976621584589,-0.4576685388509413,-0.1848422036017038,1.014739044635817,4,0.7998230293851681,0,0,10,1609168
mocap_robot_moving_3,-2.2731290929551196,1.9699264431995862,0.3526877502196593,-0.7103449139333995,1.660292833902002,1.0115382730226015,,,,,,-0.0019304311680671963,-0.16492061065952465,0.9575212003844819,,,,,,0,0,8,1691921
mocap_robot_moving_3,-2.270364017311083,1.9691491090662123,0.35299194984929516,-0.718060272365615,1.6413835684958638,1.0103903921603432,-0.5822858933108745,2.027409447641167,0.9201553443081141,10,0.882931989198781,0.007787156095789977,-0.15549650807644055,0.9578769108668546,0.021499297478811234,0.039927728944425214,1.0277715474875877,4,0.8983999828201357,0,16,8,2414775
mocap_robot_moving_3,-2.2658238184379944,1.967755418049706,0.3529574645017659,-0.7323776455087362,1.6134354333467142,1.0077767654829892,-0.5206034079722595,2.2180511206291724,0.9163631649764273,10,0.782931989198781,0.022304599385039894,-0.14223920867348006,0.9570119720823943,-0.12787378121928264,-0.004383254813908243,1.244641410640487,4,0.9958844074919478,0,1,6,2019235
mocap_robot_moving_3,-2.2658238184379944,1.967755418049706,0.3529574645017659,-0.7323776455087362,1.6134354333467142,1.0077767654829892,,,,,,0.022304599385039894,-0.14223920867348006,0.9570119720823943,-0.11703569195124397,0.01764361306031385,1.3665392217985117,4,0.999859398039324,0,1,6,1105068
mocap_robot_moving_3,-2.2658238184379944,1.967755418049706,0.3529574645017659,-0.7323776455087362,1.6134354333467142,1.0077767654829892,,,,,,0.022304599385039894,-0.14223920867348006,0.9570119720823943,-0.1053159824554387,0.03689345741850992,1.4465310469107842,4,0.9999945763892122,0,1,6,1088959
mocap_robot_moving_3,-2.2658238184379944,1.967755418049706,0.3529574645017659,-0.7323776455087362,1.6134354333467142,1.0077767654829892,,,,,,0.022304599385039894,-0.14223920867348006,0.9570119720823943,-0.0900935970249199,0.05490568011784958,1.5064524962754926,4,0.9999998384569052,0,1,3,995256
mocap_robot_moving_3,-2.2658238184379944,1.967755418049706,0.3529574645017659,-0.7323776455087362,1.6134354333467142,1.0077767654829892,,,,,,0.022304599385039894,-0.14223920867348006,0.9570119720823943,-0.07305288211210492,0.0654717342048808,1.5575556951406289,4,0.9999999956637643,0,1,3,609414
mocap_robot_moving_3,-2.199292757020621,1.9629373535997339,0.35349947643012664,-1.1291166396976549,0.9878755186508968,0.9921955724888704,,,,,,0.24673434157101815,0.0053788522362224,0.9455137652696469,0.35266836491075815,0.30780972498385806,1.2683270867189251,4,0.9999999985183408,0,15,5,3166554
mocap_robot_moving_3,-2.1882510890229194,1.9606816810585792,0.3529364308669841,-1.1842786894504533,0.89172630648408,0.9867577177419349,-1.0135780005155741,1.1970219388627796,0.9690736595764277,10,0.9102776983340715,0.23217829519584052,-0.02544726339169328,0.9418138813871152,0.4665290562125911,0.2163186126577587,1.0432643885788697,4,0.9999999994624815,2,15,7,3596539
mocap_robot_moving_3,-2.174387511591429,1.9558117190499886,0.35351194142053566,-1.2977341883431697,0.7299096427024497,1.007569201349613,-0.8579974851859783,1.5862834765080172,1.0199013070228995,10,0.9796242030184674,0.15084302566031535,-0.1583256440020898,0.9207421180649922,0.11365251055257593,0.12626616347582256,1.3300822742522647,4,0.8999999994624815,0,1,7,1943639
mocap_robot_moving_3,-2.174387511591429,1.9558117190499886,0.35351194142053566,-1.2977341883431697,0.7299096427024497,1.007569201349613,-0.9242806169828914,1.433518381539574,1.0114112759724625,10,0.8796242030184674,0.15084302566031535,-0.1583256440020898,0.9207421180649922,0.23098079078563954,0.15620779355364478,1.2347179048147865,4,0.7999999994624816,1,1,8,1774657
mocap_robot_moving_3,-2.174387511591429,1.9558117190499886,0.35351194142053566,-1.2977341883431697,0.7299096427024497,1.007569201349613,-1.1783621839341776,0.8479275433762568,0.9788666400405107,10,0.7796242030184675,0.15084302566031535,-0.1583256440020898,0.9207421180649922,0.41842574033476093,0.11680162829303561,1.6038447063375532,4,0.9903320312240165,1,1,7,1698175
mocap_robot_moving_3,-2.082260428781328,1.9169200579157684,0.35355904366745233,-1.718136871266689,0.2946019842611053,1.0105279672593557,-1.1959249479055651,0.8692225413326676,0.8931086930065996,10,0.9084292884852162,-0.20151206812474273,-0.6001741615615687,0.9317720554886251,,,,,,3,14,6,2820078
mocap_robot_moving_3,-2.082260428781328,1.9169200579157684,0.35355904366745233,-1.718136871266689,0.2946019842611053,1.0105279672593557,-1.378968988620341,0.6009531284968448,0.9029798025519437,10,0.970438274366132,-0.20151206812474273,-0.6001741615615687,0.9317720554886251,0.3284258324857419,-0.14127776615771323,1.198537396280414,4,0.9988737285532339,1,21,6,3839111
mocap_robot_moving_3,-2.053222356693733,1.9047306275565508,0.35347449175604345,-1.8107551469995038,0.25064350996231916,1.0113307427226548,-1.558157444807417,0.34499540925640765,0.896291256799989,10,0.9899502598051938,-0.33571088252888925,-0.6494021790113941,0.9535020378947148,0.15985597580013194,-0.31633959822007174,1.0639927674409313,4,0.9996354656621022,1,23,9,4476672
mocap_robot_moving_3,-2.0489845264905853,1.9027895941439446,0.35360441649095975,-1.8241223691064852,0.24606309062829315,1.0112305572834952,-1.2807909244760465,0.7932060497963588,0.9256122720783663,10,0.8899502598051938,-0.3515160093546603,-0.6538798094358028,0.9576256927231582,0.2841707579354436,-0.07756506954634132,1.2376596031901328,4,0.8996354656621022,1,1,9,1575771
mocap_robot_moving_3,-2.0489845264905853,1.9027895941439446,0.35360441649095975,-1.8241223691064852,0.24606309062829315,1.0112305572834952,-1.405595613565113,0.5915278170659999,0.9124188982305719,10,0.7899502598051938,-0.3515160093546603,-0.6538798094358028,0.9576256927231582,0.22823369777750985,-0.1850047878580935,1.1595159418179288,4,0.7996354656621022,1,1,9,1562527
mocap_robot_moving_3,-2.0489845264905853,1.9027895941439446,0.35360441649095975,-1.8241223691064852,0.24606309062829315,1.0112305572834952,,,,,,-0.3515160093546603,-0.6538798094358028,0.9576256927231582,,,,,,0,0,8,1200558
mocap_robot_moving_3,-2.0489845264905853,1.9027895941439446,0.35360441649095975,-1.8241223691064852,0.24606309062829315,1.0112305572834952,,,,,,-0.3515160093546603,-0.6538798094358028,0.9576256927231582,,,,,,0,0,5,1131341
mocap_robot_moving_3,-2.0489845264905853,1.9027895941439446,0.35360441649095975,-1.8241223691064852,0.24606309062829315,1.0112305572834952,,,,,,-0.3515160093546603,-0.6538798094358028,0.9576256927231582,,,,,,0,0,4,786533
mocap_robot_moving_3,-2.0489845264905853,1.9027895941439446,0.35360441649095975,-1.8241223691064852,0.24606309062829315,1.0112305572834952,,,,,,-0.3515160093546603,-0.6538798094358028,0.9576256927231582,,,,,,0,0,3,737834
mocap_robot_moving_3,-2.0489845264905853,1.9027895941439446,0.35360441649095975,-1.8241223691064852,0.24606309062829315,1.0112305572834952,,,,,,-0.3515160093546603,-0.6538798094358028,0.9576256927231582,,,,,,0,1,3,802342
mocap_robot_moving_3,-2.0489845264905853,1.9027895941439446,0.35360441649095975,-1.8241223691064852,0.24606309062829315,1.0112305572834952,,,,,,-0.3515160093546603,-0.6538798094358028,0.9576256927231582,,,,,,0,0,3,617601
mocap_robot_moving_3,-1.9468424823523853,1.859509027894753,0.3530039476213915,-2.006271226915022,0.23186803357339864,1.014932145761398,,,,,,-0.3322216275087897,-0.7200930424564421,0.9554063352623288,,,,,,0,21,6,3569959
mocap_robot_moving_3,-1.9364695430702554,1.8549148152947528,0.3534624756589815,-2.0055796939875976,0.2352507422306574,1.014956288011638,-1.7426187050139446,0.12129549354075946,0.8987786969620872,10,0.894575714911127,-0.2914983757164822,-0.7207572354668687,0.9478857824779015,-0.15947457718804764,-0.6919849905269593,1.0150193845950797,4,0.9053330392396509,2,28,8,4757235
mocap_robot_moving_3,-1.9065176529221948,1.84042760858661,0.35339762635308547,-2.0036328823958316,0.24083739226740009,1.0137374037590652,-1.6770850225330138,0.20303611038501984,0.892085923693435,10,0.794575714911127,-0.16999815835215157,-0.694526146199821,0.9232652416514788,-0.08855095139170802,-0.5970403564016042,1.0413502393894658,4,0.8053330392396509,0,0,8,1739026
mocap_robot_moving_3,-1.9043110839329622,1.8395580558020306,0.35336915416139486,-2.003711585943289,0.24100211553975462,1.0133183200939722,,,,,,-0.1502207946737549,-0.6879773350975787,0.9192193972971192,,,,,,0,0,8,1422892
mocap_robot_moving_3,-1.8992667164526396,1.8369636388681188,0.3538997546010478,-2.003560204994724,0.24106466131505153,1.0130131434116136,,,,,,-0.1397430345220862,-0.6847700098568044,0.9172934700107694,,,,,,0,0,7,1132404
mocap_robot_moving_3,-1.8992667164526396,1.8369636388681188,0.3538997546010478,-2.003560204994724,0.24106466131505153,1.0130131434116136,,,,,,-0.1397430345220862,-0.6847700098568044,0.9172934700107694,,,,,,0,0,4,1109041
mocap_robot_moving_3,-1.8992667164526396,1.8369636388681188,0.3538997546010478,-2.003560204994724,0.24106466131505153,1.0130131434116136,,,,,,-0.1397430345220862,-0.6847700098568044,0.9172934700107694,,,,,,0,0,4,889065
mocap_robot_moving_3,-1.8992667164526396,1.8369636388681188,0.3538997546010478,-2.003560204994724,0.24106466131505153,1.0130131434116136,,,,,,-0.1397430345220862,-0.6847700098568044,0.9172934700107694,,,,,,0,1,4,1043680
mocap_robot_moving_3,-1.8322142255944867,1.7483485399531757,0.3532680852485092,-1.9494330930994117,0.1949282403057694,0.9915735609246951,-1.7683837599226646,0.12843761474645252,0.9210984656420609,10,0.7502084275225938,0.49593444762013295,-0.3782342855988315,0.8978312449488237,0.007153596335382351,-0.6450817582659942,1.0101263503723388,4,0.7707899748466072,0,20,5,3657355
mocap_robot_moving_3,-1.8322142255944867,1.7483485399531757,0.3532680852485092,-1.9494330930994117,0.1949282403057694,0.9915735609246951,-1.7331425915534728,0.1634288573202197,0.9034870235067625,10,0.914951315343025,0.49593444762013295,-0.3782342855988315,0.8978312449488237,0.3864975892498152,-0.22412893880217,1.029598921474403,4,0.9262721297823133,3,19,8,4325642
mocap_robot_moving_3,-1.807740587813164,1.7052874627953325,0.3534175354827848,-1.8929915095241978,0.05691818135326435,0.9781073423515094,-1.7866711745343264,0.06393061886441254,0.9022018376792736,10,0.9731029355644168,0.6939668299515147,-0.1372220034084408,0.9681109038970214,0.5734130374595766,-0.07976093278475303,1.0371512251265564,4,0.9761552934384037,4,18,11,4757034
mocap_robot_moving_3,-1.807740587813164,1.7052874627953325,0.3534175354827848,-1.8929915095241978,0.05691818135326435,0.9781073423515094,-1.7479006023411912,0.12662893145365817,0.9033108335940252,10,0.8731029355644169,0.6939668299515147,-0.1372220034084408,0.9681109038970214,0.18794981033780703,-0.3902953327742012,1.2757933076335426,4,0.9925288874517475,2,1,11,2248040
mocap_robot_moving_3,-1.807740587813164,1.7052874627953325,0.3534175354827848,-1.8929915095241978,0.05691818135326435,0.9781073423515094,-1.7556324861279906,0.11412521951065249,0.9030896702980548,10,0.7731029355644169,0.6939668299515147,-0.1372220034084408,0.9681109038970214,0.2062239630055377,-0.3726506624538068,1.364659519966077,4,0.9982041523827379,0,1,11,1804950
mocap_robot_moving_3,-1.807740587813164,1.7052874627953325,0.3534175354827848,-1.8929915095241978,0.05691818135326435,0.9781073423515094,,,,,,0.6939668299515147,-0.1372220034084408,0.9681109038970214,0.5022117926075764,-0.030764527201336725,1.4969543319874359,4,0.9998562616806642,0,1,10,2155199
mocap_robot_moving_3,-1.807740587813164,1.7052874627953325,0.3534175354827848,-1.8929915095241978,0.05691818135326435,0.9781073423515094,,,,,,0.6939668299515147,-0.1372220034084408,0.9681109038970214,0.6815360807951472,0.1998327527004675,1.6550598352004597,4,0.999994104482996,0,1,8,2124502
mocap_robot_moving_3,-1.807740587813164,1.7052874627953325,0.3534175354827848,-1.8929915095241978,0.05691818135326435,0.9781073423515094,,,,,,0.6939668299515147,-0.1372220034084408,0.9681109038970214,0.7390429391655725,0.28581991611202917,1.714369096027601,4,0.9999998445517978,0,1,7,1419207
mocap_robot_moving_3,-1.807740587813164,1.7052874627953325,0.3534175354827848,-1.8929915095241978,0.05691818135326435,0.9781073423515094,,,,,,0.6939668299515147,-0.1372220034084408,0.9681109038970214,0.7818541821198974,0.34751310558466775,1.747783821885906,4,0.9999999988614634,0,1,6,1361690
mocap_robot_moving_3,-1.807740587813164,1.7052874627953325,0.3534175354827848,-1.8260402072382482,-0.24241559718330188,0.9982179957432604,,,,,,0.6939668299515147,-0.1372220034084408,0.9681109038970214,0.8242938858524466,0.40171525127535596,1.774029228892235,4,0.9999999999355438,0,1,4,1363683
mocap_robot_moving_3,-1.7403488829710663,1.6087034777621474,0.3541114302199406,-1.8213817289935301,-0.26916242720520395,0.9958997363191054,-1.7637174831854716,-0.21213214551845233,0.9111878675252846,10,0.7617475526030191,1.1665024918176379,0.2767505732841458,0.9456239677173213,0.928044096548088,0.40793707992657535,1.5923599895716254,4,0.9999999999794463,0,20,7,3955985
mocap_robot_moving_3,-1.734664247782251,1.6030641328365796,0.35420847493540436,-1.8205568077263343,-0.27402958725612486,0.9958751127312099,-1.724023598077901,-0.3653354904732656,0.887220206755989,10,0.9215109095372834,1.1859419747148605,0.3103160858619435,0.9381261144590203,1.2017781078807745,0.5601751813452214,1.2139412232064493,4,0.9999999999933531,4,21,9,2866188
mocap_robot_moving_3,-1.711177316058066,1.576679908545807,0.35415328890238995,-1.8282815365821596,-0.2893163194508332,0.9954226285427615,-1.7492535458935832,-0.16238943058124639,0.9004894527413145,10,0.8215109095372835,1.2217846253830509,0.44606642594996104,0.9450781677921971,0.82522195607062,0.3014956130013237,1.537778293328425,4,0.8999999999933531,1,1,10,2351155
mocap_robot_moving_3,-1.709696618300609,1.5719915526607966,0.3540299984910591,-1.8303629346642882,-0.2910174745359691,0.9951980374580431,,,,,,1.2227313893948148,0.46338579813465586,0.946547176294656,1.0311105537250806,0.4349907038669481,1.4637729908435313,4,0.9935181617732508,1,1,10,2427597
mocap_robot_moving_3,-1.709696618300609,1.5719915526607966,0.3540299984910591,-1.8303629346642882,-0.2910174745359691,0.9951980374580431,,,,,,1.2227313893948148,0.46338579813465586,0.946547176294656,1.343844098760345,0.6445401787290187,1.2634178190340883,4,0.8935181617732508,1,0,10,1523542
mocap_robot_moving_3,-1.709696618300609,1.5719915526607966,0.3540299984910591,-1.8303629346642882,-0.2910174745359691,0.9951980374580431,,,,,,1.2227313893948148,0.46338579813465586,0.946547176294656,1.3919563788149456,0.6767781755154573,1.232594313562692,4,0.7935181617732509,0,0,8,1416074
mocap_robot_moving_3,-1.709696618300609,1.5719915526607966,0.3540299984910591,-1.8303629346642882,-0.2910174745359691,0.9951980374580431,,,,,,1.2227313893948148,0.46338579813465586,0.946547176294656,,,,,,0,0,7,1175387
mocap_robot_moving_3,-1.709696618300609,1.5719915526607966,0.3540299984910591,-1.8303629346642882,-0.2910174745359691,0.9951980374580431,,,,,,1.2227313893948148,0.46338579813465586,0.946547176294656,,,,,,0,0,7,1044726
mocap_robot_moving_3,-1.709696618300609,1.5719915526607966,0.3540299984910591,-1.8303629346642882,-0.2910174745359691,0.9951980374580431,,,,,,1.2227313893948148,0.46338579813465586,0.946547176294656,,,,,,0,0,3,1115947
mocap_robot_moving_3,-1.6480689275030713,1.4556977506515387,0.3538206753099137,-1.8157590690367145,-0.3131319322794779,0.9910641532391797,,,,,,1.2598253280745193,0.7203591035672289,0.9555412023238001,1.2241165724867613,0.38373705230312055,1.0647273690804113,4,0.8483929820141004,0,20,11,4178050
mocap_robot_moving_3,-1.639357092515646,1.4429766514939577,0.35418434083549827,-1.7854774147752408,-0.31614594258558115,0.9875460227399614,-1.8093711470245861,-0.517878629710648,0.8434746062161494,10,0.9108225669692878,1.270319981723402,0.7339220757506364,0.955207494201935,1.3151361854438735,0.625656671269464,0.9563824429318942,4,0.9508432523900344,4,16,12,4582742
mocap_robot_moving_3,-1.634372538120134,1.4342151042747189,0.3543238282124192,-1.7590427049078439,-0.3209778429574312,0.9848433664821467,-1.8067405829058882,-0.45535863014943767,0.864863904532959,10,0.8108225669692878,1.2757048605946923,0.7366238303436572,0.9555035145050342,1.2161758828956337,0.5085378543585994,1.099431859192259,4,0.8508432523900344,0,0,11,2099271
mocap_robot_moving_3,-1.6147935656171142,1.4031531210125814,0.3536344063058301,-1.626464073326091,-0.35885003776540053,0.9769412986517814,-1.6825574158271606,-0.4613192077224736,0.8235181987966324,10,0.9290246576041044,1.2869869072465634,0.7234508801847678,0.9549147671796709,1.340695525796944,0.8200796689200976,0.9408666972319074,4,0.9553206923819919,3,22,14,5480059
mocap_robot_moving_3,-1.6126717020422403,1.39993872048122,0.35390171690316863,-1.606871059828086,-0.3653542998452413,0.9768487190946399,-1.770489197394487,-0.44842684466407207,0.8558763634948788,10,0.8290246576041044,1.288165536935356,0.7204446270342163,0.9545243921093103,1.2378628368338447,0.5827011664504889,1.0744135496772695,4,0.8553206923819919,3,0,12,2467655
mocap_robot_moving_3,-1.6126717020422403,1.39993872048122,0.35390171690316863,-1.606871059828086,-0.3653542998452413,0.9768487190946399,,,,,,1.288165536935356,0.7204446270342163,0.9545243921093103,1.279935279221729,0.6798209974106483,1.019774870943438,4,0.755320692381992,0,0,11,1610606
mocap_robot_moving_3,-1.6126717020422403,1.39993872048122,0.35390171690316863,-1.606871059828086,-0.3653542998452413,0.9768487190946399,,,,,,1.288165536935356,0.7204446270342163,0.9545243921093103,,,,,,0,0,11,1427176
mocap_robot_moving_3,-1.6126717020422403,1.39993872048122,0.35390171690316863,-1.606871059828086,-0.3653542998452413,0.9768487190946399,,,,,,1.288165536935356,0.7204446270342163,0.9545243921093103,,,,,,0,0,9,1613000
mocap_robot_moving_3,-1.6126717020422403,1.39993872048122,0.35390171690316863,-1.606871059828086,-0.3653542998452413,0.9768487190946399,,,,,,1.288165536935356,0.7204446270342163,0.9545243921093103,,,,,,0,0,7,1243445
mocap_robot_moving_3,-1.6126717020422403,1.39993872048122,0.35390171690316863,-1.606871059828086,-0.3653542998452413,0.9768487190946399,,,,,,1.288165536935356,0.7204446270342163,0.9545243921093103,,,,,,0,0,5,1090492
mocap_robot_moving_3,-1.5310950726119892,1.262478774631342,0.3542154165779423,-0.958196304479722,-0.4612180177919833,0.9537591640660706,,,,,,1.3647686661231697,0.4260952809586612,0.9462726513078942,1.3860689486175803,0.973107731374667,0.9708315556116363,4,0.795509526381466,0,21,10,4043507
mocap_robot_moving_3,-1.5310950726119892,1.262478774631342,0.3542154165779423,-0.958196304479722,-0.4612180177919833,0.9537591640660706,,,,,,1.3647686661231697,0.4260952809586612,0.9462726513078942,,,,,,0,0,10,1131698
mocap_robot_moving_3,-1.522590513535447,1.2489153157885247,0.3539889382591435,-0.8584272747262033,-0.43769764515126397,0.9615183819882795,,,,,,1.3653551076762278,0.40304297383949655,0.9544806811032057,,,,,,0,1,10,1306072
mocap_robot_moving_3,-1.522590513535447,1.2489153157885247,0.3539889382591435,-0.8584272747262033,-0.43769764515126397,0.9615183819882795,-1.0665464838376622,-0.4292906258552267,0.8216508296230212,10,0.8154368579184644,1.3653551076762278,0.40304297383949655,0.9544806811032057,1.4700210189257252,0.8286963104478713,0.9843579479115214,4,0.8687413607939345,5,23,10,3192841
mocap_robot_moving_3,-1.503779210034839,1.2206434869512068,0.3548892590865267,-0.6818894035435366,-0.3627225480064362,0.9858101640203272,,,,,,1.3443795783867847,0.3347754653539895,0.9515411588944894,1.451020759289097,0.8336120280206197,0.9859493365473607,4,0.7687413607939345,0,0,10,1797505
mocap_robot_moving_3,-1.503779210034839,1.2206434869512068,0.3548892590865267,-0.6818894035435366,-0.3627225480064362,0.9858101640203272,-0.7539918719152157,-0.2849119546993188,1.007273792734629,10,0.8676059082822366,1.3443795783867847,0.3347754653539895,0.9515411588944894,,,,,,0,1,9,1822811
mocap_robot_moving_3,-1.503779210034839,1.2206434869512068,0.3548892590865267,-0.6818894035435366,-0.3627225480064362,0.9858101640203272,-0.5848671737449325,-0.24135635981389303,1.0621980973042209,10,0.7676059082822366,1.3443795783867847,0.3347754653539895,0.9515411588944894,,,,,,0,0,9,871667
mocap_robot_moving_3,-1.4605043347073567,1.1596673121448131,0.35359183086594986,-0.1636828229106463,0.14182435571722132,1.0024597178540324,-0.647405484608197,-0.2694787027210628,0.9148696251785268,10,0.891989653345278,1.2063278625332792,-0.02890442843486645,0.8995828204988365,1.4588750432323505,0.6661807145312497,1.0030186531803396,4,0.8610298301863744,2,21,11,3419744
mocap_robot_moving_3,-1.4605043347073567,1.1596673121448131,0.35359183086594986,-0.1636828229106463,0.14182435571722132,1.0024597178540324,-0.5313919029015688,-0.2418298408859293,0.9289871898471274,10,0.791989653345278,1.2063278625332792,-0.02890442843486645,0.8995828204988365,1.4684608514705286,0.6346603982938819,1.005328262845563,4,0.7610298301863744,0,0,11,1959045
mocap_robot_moving_3,-1.4605043347073567,1.1596673121448131,0.35359183086594986,-0.1636828229106463,0.14182435571722132,1.0024597178540324,-0.3230033473339373,-0.0735071207886908,0.9210438204580748,10,0.9105276530893143,1.2063278625332792,-0.02890442843486645,0.8995828204988365,1.3647672058509763,0.5053191733405171,1.0308049738685747,4,0.9196775721703083,2,16,10,4058321
mocap_robot_moving_3,-1.458026127798518,1.1605813724611849,0.3538431185087786,-0.12715552426040164,0.21812671570498782,0.9987173160253471,-0.5189058076817932,-0.1637777058252837,0.9094361709454061,10,0.8105276530893143,1.2060776081245823,-0.10580296385272038,0.8939673565375823,1.3881323102473317,0.5826683343654712,1.019892321056759,4,0.8196775721703083,1,0,8,1969055
mocap_robot_moving_3,-1.4554108056387882,1.1612049009372665,0.35417997889198194,-0.10830638263482498,0.26639096132183426,0.9939992319504436,,,,,,1.212466480494741,-0.1533405117961207,0.8987085513313552,,,,,,0,0,8,1465480
mocap_robot_moving_3,-1.4485961176252171,1.1600893433147577,0.3543082206972021,-0.08050128885934192,0.3550652242630666,0.987917185789541,,,,,,1.230212244236208,-0.2224684902355037,0.9098881919826426,,,,,,0,0,7,1254488
mocap_robot_moving_3,-1.429549735459191,1.1550371950302945,0.3539067284351771,-0.028741951017769295,0.49736030065722264,1.000056129250851,-0.1302019010187349,0.13980998381060802,0.9933441206273991,10,0.8189398708306712,1.2586369706158926,-0.36672549050265013,0.9438360869606695,,,,,,0,1,6,1939841
mocap_robot_moving_3,-1.429549735459191,1.1550371950302945,0.3539067284351771,-0.028741951017769295,0.49736030065722264,1.000056129250851,0.038613711619166435,0.37219455115801214,0.9644006729588106,10,0.9334400582687029,1.2586369706158926,-0.36672549050265013,0.9438360869606695,1.3947369114314152,0.32030458715554466,1.023885874702163,4,0.8571440375585724,2,22,8,4126240
mocap_robot_moving_3,-1.429549735459191,1.1550371950302945,0.3539067284351771,-0.028741951017769295,0.49736030065722264,1.000056129250851,-0.13176401037664867,0.21423177130855497,0.9540718993395395,10,0.8334400582687029,1.2586369706158926,-0.36672549050265013,0.9438360869606695,1.3947034029747132,0.4033585822650474,1.0218304401779705,4,0.7571440375585724,0,0,8,1282050
mocap_robot_moving_3,-1.429549735459191,1.1550371950302945,0.3539067284351771,-0.028741951017769295,0.49736030065722264,1.000056129250851,-0.08118269467653136,0.3017117351181067,0.973198678301486,10,0.9173563579522679,1.2586369706158926,-0.36672549050265013,0.9438360869606695,,,,,,0,1,8,1295576
mocap_robot_moving_3,-1.429549735459191,1.1550371950302945,0.3539067284351771,-0.028741951017769295,0.49736030065722264,1.000056129250851,-0.07024284466708307,0.34612548147181416,0.9919899145281782,10,0.9639664764121784,1.2586369706158926,-0.36672549050265013,0.9438360869606695,,,,,,0,1,8,1407332
mocap_robot_moving_3,-1.3318394544371097,1.1601201692905136,0.3545650610526456,0.14551830384114803,1.2200932302351035,1.0179192703345628,-0.04385679367350104,0.3742386314488245,0.9953002171157328,10,0.8639664764121784,1.301581364576393,-1.0980724458330813,0.9616559506749508,,,,,,1,1,6,1497360
mocap_robot_moving_3,-1.3318394544371097,1.1601201692905136,0.3545650610526456,0.14551830384114803,1.2200932302351035,1.0179192703345628,0.17362944881577327,0.9389782200180498,0.964979522444809,10,0.9539337326517198,1.301581364576393,-1.0980724458330813,0.9616559506749508,,,,,,2,23,10,4709614
mocap_robot_moving_3,-1.3213999588904868,1.1558702078155219,0.35462041657168913,0.16045050289531115,1.2718418493929826,1.0134490647319971,0.16760764105992196,1.2555769142031992,0.920790576730703,10,0.9837662416708848,1.3034991648165946,-1.1493047906277265,0.9538033866081845,1.5991493784334456,-0.48523737633027636,1.0717666490326603,4,0.9811301555472679,5,26,14,6224530
mocap_robot_moving_3,-1.3043539202185679,1.1501325029388354,0.3549755963860291,0.1813632838442641,1.37655750414258,0.9978960066887953,0.04779527545072789,0.8599865942463093,0.9958003144678896,10,0.9924631898596001,1.317093060554199,-1.2529350698367432,0.9258261486522271,,,,,,2,2,14,2854411
mocap_robot_moving_3,-1.278662802383904,1.1437109423953413,0.35476601569880567,0.20434130609198917,1.4933983282821706,0.9918106581712464,0.15878245520967765,1.2389210574673584,0.9584300086999064,10,0.8924631898596002,1.3309436861215713,-1.3634804914486809,0.9057450948943203,,,,,,1,1,14,2625086
mocap_robot_moving_3,-1.278662802383904,1.1437109423953413,0.35476601569880567,0.20434130609198917,1.4933983282821706,0.9918106581712464,0.1772801279734208,1.302076150828512,0.9522016885580799,10,0.7924631898596002,1.3309436861215713,-1.3634804914486809,0.9057450948943203,,,,,,1,1,13,1949752
mocap_robot_moving_3,-1.278662802383904,1.1437109423953413,0.35476601569880567,0.20434130609198917,1.4933983282821706,0.9918106581712464,,,,,,1.3309436861215713,-1.3634804914486809,0.9057450948943203,,,,,,1,1,8,1845417
mocap_robot_moving_3,-1.278662802383904,1.1437109423953413,0.35476601569880567,0.20434130609198917,1.4933983282821706,0.9918106581712464,,,,,,1.3309436861215713,-1.3634804914486809,0.9057450948943203,,,,,,1,1,7,1594211
mocap_robot_moving_3,-1.278662802383904,1.1437109423953413,0.35476601569880567,0.20434130609198917,1.4933983282821706,0.9918106581712464,,,,,,1.3309436861215713,-1.3634804914486809,0.9057450948943203,,,,,,1,2,7,1374203
mocap_robot_moving_3,-1.278662802383904,1.1437109423953413,0.35476601569880567,0.20434130609198917,1.4933983282821706,0.9918106581712464,,,,,,1.3309436861215713,-1.3634804914486809,0.9057450948943203,,,,,,1,1,3,1359956
mocap_robot_moving_3,-1.10773338059509,1.0897406654477326,0.35584449775616456,0.34374862198323186,2.1396479980053624,1.0171506148618803,0.2258275935354729,1.6186782796717871,0.9133427754896587,10,0.7815157806582315,1.4701733008860056,-1.9728559122720382,0.9502460518056173,,,,,,1,23,9,3567137
mocap_robot_moving_3,-1.10773338059509,1.0897406654477326,0.35584449775616456,0.34374862198323186,2.1396479980053624,1.0171506148618803,,,,,,1.4701733008860056,-1.9728559122720382,0.9502460518056173,,,,,,1,1,9,1513081
mocap_robot_moving_3,-1.0864263429221497,1.083042780284517,0.35501474060872773,0.340169449252009,2.2003413073145732,1.0190754852988027,0.23907465190635885,1.967904995629579,0.8964612608382618,10,0.8918632714104623,1.4491715153523823,-2.032769485111632,0.9520009698132679,1.6782320313608925,-1.4218553193671577,1.636897789293888,4,1.0,3,24,10,5177390
mocap_robot_moving_3,-1.0519042473034426,1.0749013981475792,0.3556379923579283,0.33629418387202464,2.2822851095434777,1.0210968640672893,0.24176081030221422,2.2295876669639085,0.8720834380022893,10,0.9654811535547079,1.4168953917682183,-2.094192959065226,0.963236411284338,1.7760659368592215,-1.70529306090011,1.2252267298866788,4,1.0,5,22,13,5783149
mocap_robot_moving_3,-1.049597642199375,1.0745099026667195,0.3556840939818141,0.33524483353626316,2.288317189905402,1.0201464506875972,0.21973101869019024,1.920031840478952,0.8974400165700956,10,0.8654811535547079,1.414465995178705,-2.097535768649108,0.9634458261808742,1.6605449313951537,-1.3707199790592897,1.5247139970093917,4,0.9,5,0,13,1623016
mocap_robot_moving_3,-1.0446847273670308,1.073276623390968,0.35559053840343313,0.33368955457180083,2.300925844028234,1.0192143421374606,0.22339612253455024,1.971532747508631,0.8932214340603111,10,0.7654811535547079,1.4094960861565,-2.1039109294555995,0.9632341428302356,1.679764199951448,-1.4263830152817876,1.4748881995892644,4,0.8,0,1,13,1746075
mocap_robot_moving_3,-1.0446847273670308,1.073276623390968,0.35559053840343313,0.33368955457180083,2.300925844028234,1.0192143421374606,,,,,,1.4094960861565,-2.1039109294555995,0.9632341428302356,,,,,,0,1,12,1527239
mocap_robot_moving_3,-1.0446847273670308,1.073276623390968,0.35559053840343313,0.33368955457180083,2.300925844028234,1.0192143421374606,,,,,,1.4094960861565,-2.1039109294555995,0.9632341428302356,,,,,,0,0,9,1341133
mocap_robot_moving_3,-1.0446847273670308,1.073276623390968,0.35559053840343313,0.33368955457180083,2.300925844028234,1.0192143421374606,,,,,,1.4094960861565,-2.1039109294555995,0.9632341428302356,,,,,,0,0,8,1265482
mocap_robot_moving_3,-1.0446847273670308,1.073276623390968,0.35559053840343313,0.33368955457180083,2.300925844028234,1.0192143421374606,,,,,,1.4094960861565,-2.1039109294555995,0.9632341428302356,,,,,,0,0,7,1070500
mocap_robot_moving_3,-1.0446847273670308,1.073276623390968,0.35559053840343313,0.33368955457180083,2.300925844028234,1.0192143421374606,,,,,,1.4094960861565,-2.1039109294555995,0.9632341428302356,,,,,,0,0,7,1008755
mocap_robot_moving_3,-0.8801913583955207,1.023551683728857,0.35656511070824753,0.10484377042877477,2.626500785258637,1.0173509754887573,,,,,,1.3789258775382751,-2.1979486430704185,0.9552847362839763,,,,,,0,17,5,3459732
mocap_robot_moving_3,-0.8608314911924337,1.0166082382972426,0.35650438295340303,0.08185748057880801,2.6360237107500315,1.0162855842955345,0.11780326632605222,2.6229735230434086,0.8334557731360739,10,0.907204575770942,1.376688036082595,-2.186269349567539,0.9568846203982373,1.6737292091748952,-2.1051773242222724,0.9708045133781015,4,0.9197053503604409,3,20,6,4119330
mocap_robot_moving_3,-0.807506626500346,0.9977220867021848,0.356457637672903,0.017631916776486595,2.652159100447951,1.0169090727391825,0.13643861815735223,2.52752515159217,0.843551786978156,10,0.8072045757709421,1.3577519476664115,-2.111833637815905,0.9443146242658338,1.6665869965818136,-2.013124760098648,1.0375711008798607,4,0.8197053503604409,0,0,6,1556835
mocap_robot_moving_3,-0.807506626500346,0.9977220867021848,0.356457637672903,0.017631916776486595,2.652159100447951,1.0169090727391825,,,,,,1.3577519476664115,-2.111833637815905,0.9443146242658338,,,,,,0,0,6,924971
mocap_robot_moving_3,-0.807506626500346,0.9977220867021848,0.356457637672903,0.017631916776486595,2.652159100447951,1.0169090727391825,,,,,,1.3577519476664115,-2.111833637815905,0.9443146242658338,,,,,,0,0,6,930831
mocap_robot_moving_3,-0.807506626500346,0.9977220867021848,0.356457637672903,0.017631916776486595,2.652159100447951,1.0169090727391825,,,,,,1.3577519476664115,-2.111833637815905,0.9443146242658338,,,,,,0,0,5,915222
mocap_robot_moving_3,-0.807506626500346,0.9977220867021848,0.356457637672903,0.017631916776486595,2.652159100447951,1.0169090727391825,,,,,,1.3577519476664115,-2.111833637815905,0.9443146242658338,,,,,,0,1,5,1020619
mocap_robot_moving_3,-0.807506626500346,0.9977220867021848,0.356457637672903,0.017631916776486595,2.652159100447951,1.0169090727391825,,,,,,1.3577519476664115,-2.111833637815905,0.9443146242658338,,,,,,0,1,5,1142114
mocap_robot_moving_3,-0.807506626500346,0.9977220867021848,0.356457637672903,0.017631916776486595,2.652159100447951,1.0169090727391825,,,,,,1.3577519476664115,-2.111833637815905,0.9443146242658338,,,,,,0,1,2,980614
mocap_robot_moving_3,-0.807506626500346,0.9977220867021848,0.356457637672903,0.017631916776486595,2.652159100447951,1.0169090727391825,,,,,,1.3577519476664115,-2.111833637815905,0.9443146242658338,,,,,,0,1,0,763730
mocap_robot_moving_3,-0.807506626500346,0.9977220867021848,0.356457637672903,0.017631916776486595,2.652159100447951,1.0169090727391825,,,,,,1.3577519476664115,-2.111833637815905,0.9443146242658338,,,,,,0,1,0,524245
mocap_robot_moving_3,-0.6339684246137643,0.9394373543368384,0.356979615158378,-0.022383825408884384,2.6557629681054964,1.0280203847973302,,,,,,1.3093068500836675,-1.7414265330217384,0.929718132154186,,,,,,0,25,7,3649638
mocap_robot_moving_3,-0.6339684246137643,0.9394373543368384,0.356979615158378,-0.022383825408884384,2.6557629681054964,1.0280203847973302,-0.11360180241942182,2.7725316147667933,0.8301434058182279,99,0.8968340509598391,1.3093068500836675,-1.7414265330217384,0.929718132154186,1.5706493411553113,-1.8279370221858804,1.0522177061906157,100,0.9050715591713825,5,33,16,6903943
mocap_robot_moving_3,-0.6180879586384762,0.9357967766210422,0.3573900295543245,-0.006870086703775167,2.650053315860037,1.0268538050543663,-0.11003862232115162,2.7697615037196694,0.8295905767078969,99,0.7968340509598392,1.2826666497646197,-1.6965937338505634,0.938765877586046,1.5744251155946236,-1.83212424856813,1.0520050672674648,100,0.8050715591713825,0,0,16,2419522
mocap_robot_moving_3,-0.6023070680135405,0.9332587655996164,0.3569426966526938,0.010130661605562327,2.6442755469927492,1.0265201788775014,,,,,,1.273152368587301,-1.6560109040829696,0.9413173878601182,,,,,,0,7,18,3527484
mocap_robot_moving_3,-0.5987110116627747,0.9330758489124442,0.3566134389123744,0.014322475148971451,2.6423798794922684,1.0265335324796532,,,,,,1.2726826857199345,-1.6456562924062723,0.9457522632856226,,,,,,0,0,18,2328655
mocap_robot_moving_3,-0.5897047824673114,0.9328433548977076,0.3565663937369307,0.02565022052625143,2.63791150655943,1.0254970593273491,,,,,,1.2713423996058137,-1.6210914779510048,0.9579201259416688,,,,,,0,0,15,1797706
mocap_robot_moving_3,-0.5793539963574911,0.9335183323508771,0.35695781810821,0.04238109040615658,2.63119360573393,1.0238954764749157,,,,,,1.268408748871786,-1.592678277985872,0.9667101091898054,,,,,,0,1,10,2255358
mocap_robot_moving_3,-0.5793539963574911,0.9335183323508771,0.35695781810821,0.04238109040615658,2.63119360573393,1.0238954764749157,,,,,,1.268408748871786,-1.592678277985872,0.9667101091898054,,,,,,0,0,9,1236502
mocap_robot_moving_3,-0.5793539963574911,0.9335183323508771,0.35695781810821,0.04238109040615658,2.63119360573393,1.0238954764749157,,,,,,1.268408748871786,-1.592678277985872,0.9667101091898054,,,,,,0,1,3,1221103
mocap_robot_moving_3,-0.5793539963574911,0.9335183323508771,0.35695781810821,0.04238109040615658,2.63119360573393,1.0238954764749157,,,,,,1.268408748871786,-1.592678277985872,0.9667101091898054,,,,,,0,0,0,634030
mocap_robot_moving_3,-0.5793539963574911,0.9335183323508771,0.35695781810821,0.04238109040615658,2.63119360573393,1.0238954764749157,,,,,,1.268408748871786,-1.592678277985872,0.9667101091898054,,,,,,0,1,0,836457
mocap_robot_moving_3,-0.6181852656448511,0.9914655319159884,0.3567461060094579,0.42775515366998507,2.5283341250346596,1.0215121481774059,,,,,,1.482240188964771,-1.061782143905037,0.9568626993492765,,,,,,0,0,0,651092
mocap_robot_moving_3,-0.6315862719509092,0.9968712498941428,0.3565158710324071,0.45339899923674787,2.5103167603849394,1.0183542382498678,,,,,,1.5186429892098492,-0.9770963915403377,0.9417558418041038,,,,,,0,0,0,667654
mocap_robot_moving_3,-0.6480319150759148,0.9973491066178786,0.35651338851268005,0.47986412242069243,2.4643758770876136,1.012061152044356,,,,,,1.5677733117488162,-0.8250879891388824,0.9168769748043633,,,,,,0,0,0,679296
mocap_robot_moving_3,-0.6480319150759148,0.9973491066178786,0.35651338851268005,0.47986412242069243,2.4643758770876136,1.012061152044356,,,,,,1.5677733117488162,-0.8250879891388824,0.9168769748043633,,,,,,0,0,0,418500
mocap_robot_moving_3,-0.6480319150759148,0.9973491066178786,0.35651338851268005,0.47986412242069243,2.4643758770876136,1.012061152044356,,,,,,1.5677733117488162,-0.8250879891388824,0.9168769748043633,,,,,,0,0,0,358718
mocap_robot_moving_3,-0.6480319150759148,0.9973491066178786,0.35651338851268005,0.47986412242069243,2.4643758770876136,1.012061152044356,,,,,,1.5677733117488162,-0.8250879891388824,0.9168769748043633,,,,,,0,0,0,682893
mocap_robot_moving_3,-0.6480319150759148,0.9973491066178786,0.35651338851268005,0.47986412242069243,2.4643758770876136,1.012061152044356,,,,,,1.5677733117488162,-0.8250879891388824,0.9168769748043633,,,,,,0,0,0,738205
mocap_robot_moving_3,-0.6480319150759148,0.9973491066178786,0.35651338851268005,0.47986412242069243,2.4643758770876136,1.012061152044356,,,,,,1.5677733117488162,-0.8250879891388824,0.9168769748043633,,,,,,0,0,0,541519
mocap_robot_moving_3,-0.7356705917607319,0.9964066140920976,0.357098368924869,0.5340668015905978,2.090107817589033,1.0173964393145056,,,,,,1.5534190193221191,-0.23302026946926077,0.9259137681765548,,,,,,0,0,0,617952
mocap_robot_moving_3,-0.7368902400133158,0.9962010147198762,0.357532873582085,0.5334329080853791,2.06775570212614,1.0188788889302798,,,,,,1.5548800190098804,-0.19666678977356622,0.9292853044280478,,,,,,0,0,0,639682
mocap_robot_moving_3,-0.7359713663498537,0.9939357461123823,0.3564911411312939,0.5314151455197804,2.0235027047826777,1.0186129953564724,,,,,,1.5581926296326698,-0.13367368979963504,0.9401768629357371,,,,,,0,1,0,842400
mocap_robot_moving_3,-0.7614188797482246,0.9759886842864045,0.3566540578741655,0.536597237383158,1.8792766274330295,1.0066462960893465,,,,,,1.5084298376435552,-0.05813697737578021,0.9597496169150331,,,,,,0,0,0,532794
mocap_robot_moving_3,-0.7614188797482246,0.9759886842864045,0.3566540578741655,0.536597237383158,1.8792766274330295,1.0066462960893465,,,,,,1.5084298376435552,-0.05813697737578021,0.9597496169150331,,,,,,0,0,0,592995
mocap_robot_moving_3,-0.7614188797482246,0.9759886842864045,0.3566540578741655,0.536597237383158,1.8792766274330295,1.0066462960893465,,,,,,1.5084298376435552,-0.05813697737578021,0.9597496169150331,,,,,,0,0,0,414683
mocap_robot_moving_3,-0.7614188797482246,0.9759886842864045,0.3566540578741655,0.536597237383158,1.8792766274330295,1.0066462960893465,,,,,,1.5084298376435552,-0.05813697737578021,0.9597496169150331,,,,,,0,1,1,1178347
mocap_robot_moving_3,-0.7614188797482246,0.9759886842864045,0.3566540578741655,0.536597237383158,1.8792766274330295,1.0066462960893465,,,,,,1.5084298376435552,-0.05813697737578021,0.9597496169150331,1.7203622212271394,0.19832014560817374,1.4947621425184117,112,0.9793577230590245,0,1,1,1121822
mocap_robot_moving_3,-0.7614188797482246,0.9759886842864045,0.3566540578741655,0.536597237383158,1.8792766274330295,1.0066462960893465,,,,,,1.5084298376435552,-0.05813697737578021,0.9597496169150331,1.723004601971746,0.21028843715835882,1.4937491878201894,112,0.9996573059492221,0,1,1,942827
mocap_robot_moving_3,-0.851747438418434,0.9372863010516929,0.3557691026980446,0.5624444637108992,1.4397654849761552,1.0083562201540246,,,,,,1.1447507147863827,-0.5829570950040042,0.956206805934122,1.6269903160672914,0.07529337480235486,1.484918424882439,112,0.9999790937464388,0,1,1,1219133
mocap_robot_moving_3,-0.8645115155619116,0.9352438566377513,0.35528185029428716,0.5621562978912622,1.3685834863529558,1.0050877337705697,,,,,,1.091709786092334,-0.7076822940844342,0.9274129031956069,1.5253013155097395,-0.024440946183219448,1.469042159903003,112,0.9999994694313621,0,1,1,1607418
mocap_robot_moving_3,-0.8645115155619116,0.9352438566377513,0.35528185029428716,0.5621562978912622,1.3685834863529558,1.0050877337705697,,,,,,1.091709786092334,-0.7076822940844342,0.9274129031956069,1.3050103538834332,-0.22689448449477895,1.4396559059832787,112,0.9999999914507983,0,1,1,1821247
mocap_robot_moving_3,-0.8645115155619116,0.9352438566377513,0.35528185029428716,0.5621562978912622,1.3685834863529558,1.0050877337705697,,,,,,1.091709786092334,-0.7076822940844342,0.9274129031956069,1.17177512044797,-0.3502716826854244,1.4291058853273118,112,0.9999999986821649,0,1,1,1702395
mocap_robot_moving_3,-0.8645115155619116,0.9352438566377513,0.35528185029428716,0.5621562978912622,1.3685834863529558,1.0050877337705697,,,,,,1.091709786092334,-0.7076822940844342,0.9274129031956069,1.0439593819648274,-0.4696557289266393,1.4148150689978862,112,0.899999998682165,0,0,1,1201841
mocap_robot_moving_3,-0.9410491942805023,0.9412811951659537,0.3550054138289154,0.5898817010336872,1.0229888546551902,1.0032276115630285,,,,,,0.7227465775864256,-1.1588491445765954,0.9339773470824084,1.0297606986863284,-0.48291775973130635,1.4132275432576231,112,0.799999998682165,0,0,1,999425
mocap_robot_moving_3,-0.9462937691847578,0.9418813299185622,0.35534844288732426,0.60270185090503,0.9904267541965918,0.9988548787105785,,,,,,0.6960098847302212,-1.1924083568640937,0.9289220052209975,,,,,,0,0,1,782761
mocap_robot_moving_3,-0.9509163220927735,0.941570708661724,0.3548045929087546,0.6178886801654201,0.9551214884109731,0.9949487067554385,,,,,,0.6765245711134855,-1.22268548609885,0.9302699929659181,,,,,,0,0,1,721486
mocap_robot_moving_3,-0.9538717283779461,0.9423738198762249,0.3552377513587684,0.6264132994108841,0.9356844793502858,0.9945875620351519,,,,,,0.6677125255270814,-1.2344367554394207,0.9353799716693654,,,,,,0,0,1,868911
mocap_robot_moving_3,-0.968354047800086,0.9438784796513409,0.3548312534451307,0.6792639083524775,0.8401036946659101,1.008609565524047,,,,,,0.6381075573119146,-1.2827710109465509,0.9528998675024489,,,,,,0,0,1,938461
